{"train/loss": 1.6563, "train/learning_rate": 6.65597433841219e-06, "train/epoch": 4.01, "train/global_step": 35000, "_timestamp": 1702735619.7273269, "_runtime": 2954.2839698791504, "_step": 1, "_wandb": {"runtime": 9872}}