{"train/loss": 1.6568, "train/learning_rate": 6.65597433841219e-06, "train/epoch": 4.01, "train/global_step": 35000, "_timestamp": 1702772960.700467, "_runtime": 2971.478908061981, "_step": 1, "_wandb": {"runtime": 10863}}