{"train/loss": 1.7969, "train/learning_rate": 7.674291315029086e-06, "train/epoch": 3.09, "train/global_step": 27000, "_timestamp": 1702735017.9136229, "_runtime": 2589.301148891449, "_step": 1, "_wandb": {"runtime": 11555}}