{"train/loss": 2.3556, "train/learning_rate": 6.65597433841219e-06, "train/epoch": 4.01, "train/global_step": 35000, "_timestamp": 1702733357.2276702, "_runtime": 931.836058139801, "_step": 1, "_wandb": {"runtime": 5233}}